0	partial	?	AVMA gallery JS; investigator primary lists current studies, but entire registry oncology roster cannot be obtained from permitted public master/gallery routes.
1	fully_reconciled	1	Only oncology card is explicitly an AI-generated SAMPLE lymphoma study; rejected as a real treatment opportunity.
2	partial	?	41 institution/provider links are a source directory, not 41 current protocols; no complete protocol roster published here.
3	fully_reconciled	1	Palbociclib solid tumors; current master and individual primary agree with canonical.
4	partial	12	Twelve legacy oncology titles on Flint master; current StudyPages portal cannot expose its entire roster through master/Web. Six old active primary protocols recovered through public content route; eight cost/eligibility details adjudicated separately, no invented closure from index absence.
5	fully_reconciled	2	Trametinib oral SCC and SmartStart B-cell lymphoma; current master matches canonical.
6	fully_reconciled	1	Cerumen lymphoma diagnostic sampling, excluded from treatment matching.
7	partial	8	Five CIGAT programs plus VCTN PET and IF7-SN38 metastatic/brain cohorts; IF7 primary recovered but enrollment/owner benefit/funding and final participating sites not sufficiently defined.
8	fully_reconciled	0	Current clinical-trial index contains no oncology protocol.
9	partial	5	CHOP/LOPP, CMP002, Quasi hemangiosarcoma, MCT steroids, feline miR10b; current titles reconciled to canonical.
10	partial	11	Eleven named cohorts; LEAH institution-on-hold conflicts with sponsor recruitment. Brain, oral AAV and feline mammary primary reread; conflict preserved.
11	partial	12	Twelve named current/closed protocols; LEAH institution-on-hold conflicts with sponsor. No activation or closure inferred from conflict.
12	partial	7	Seven dog/cat oncology protocols. XCSgel primary confirms funded surgery+radiation. PIVOT-C primary confirms pilot injections and 28-day surgery/radiation prohibition; costs and controlling owner-benefit qualification unresolved, existing record preserved pending sufficient correction.
13	fully_reconciled	8	Eight institutional protocols; SBRT stabilization, MIC-NK and oral melanoma primaries reread and consistent.
14	fully_reconciled	1	CHOP microbiome observational study; not an independent anticancer treatment trial.
15	partial	6	Six reachable oncology archive records, five recruiting labels; main route fails and archive pagination prevents proof of entire roster. FLASH, PSMA and osteosarcoma iNKT primaries read.
16	partial	10	Ten named identities in six official disease-category pages. Lymphoma page describes additional ongoing studies without full identities; do not equate observed list with complete roster.
17	fully_reconciled	4	Four oncology entries: active thyroid diagnostic study and three past studies; no new matchable therapy.
18	partial	8	Eight named oncology programs; complete current multi-institution/cohort rosters and some funding not published. Z007 and metastatic OSA primaries reread.
19	partial	?	VCCT portal JS yields no complete trial list; official alternatives and Web do not independently establish current roster.
20	partial	7	Six current plus closed Biocera program; oral melanoma primary reread. Some vaccine cohorts/site rosters not fully published.
21	fully_reconciled	1	Feline oral SCC mRNA treatment protocol, existing canonical match.
22	partial	2	Current OPEN B-cell IVP and OPEN sorafenib/placebo plus standard radiation for pituitary macroadenoma; latter added. Complete IVP multicenter roster is not published.
23	fully_reconciled	9	Nine current oncology protocols; eight existing titles plus Daunomustine. Individual primary PDF confirms efficacy-directed therapy, L-asparaginase rescue, funding and eligibility.
24	unreachable	?	Actual master shell attempt returned CONNECT 403; subsequent automatic approval review prohibited this action, no Web switching or repeat. Same attempt is shared as Mars official fallback provenance.
25	partial	4	Four programs. Current CED primary does NOT say closed; old concluded label belongs to feline cardiac study. CED exclusion for previous radiation added. Full separate histotripsy cohort/arms are not published clearly.
26	unreachable	?	Institution master and official Patients Needed route return 403; no repeat or access bypass.
27	partial	9	Eight master identities plus current recruiting temozolomide/propranolol HSA on direct investigator registry. Current institution/registry difference retained; whole individual cohort roster cannot be established.
28	partial	?	Old Ethos master 404, coordinating Ethos Discovery and direct protocol routes reviewed with shared current provenance. Their combined list is not proof of complete Ethos umbrella roster.
29	partial	9	Nine named identities, MIMIC phases grouped by real-world identity. Entire published MIMIC two-site and PUSH twelve-site rosters reconciled; Akron direct current primary adds a thirteenth PUSH site and sponsor omission is recorded.
30	partial	1	EGFR/HER2 melanoma primary roster reconciled: nine active and three not-enrolling sites; official narrative still says ten active. No fabricated ten-site roster.
31	partial	4	TCE current at VRCCO, historical Paccal feline/dog and completed gefitinib; WSU current participation unavailable. Same registry 534230 proves TCE duplicate identity.
32	fully_reconciled	1	SINE with carboplatin after OSA amputation; current sponsor primary consistent with canonical.
33	fully_reconciled	9	Current entire canine index has eight programs, feline index adds porphysome oral SCC and shares biobank. Nine distinct identities: HIFU OSA, Palladia melanoma, urinary miRNA, oral photogrammetry, biobank, T-cell lymphoma prognosis, canine PDT ON HOLD, thyroid staining ON HOLD, feline PDT. No new trial; diagnostic/observational entries excluded.
34	partial	27	Twenty-nine registry entries grouped to twenty-seven protocol identities; provider statuses/primary completeness vary, no blanket recruiting claim.
35	partial	24	Twenty-four published protocol identities; RVC route blocked and several old listings lack current primary enrollment. Entire seven-site insulinoma roster compared to existing canonical.
36	partial	3	OSA oncolytic virus access, holmium brain tumor and feline SCC programs. OSA study full but treatment access may continue, existing separate access preserved; current complete cohort terms not published.
37	fully_reconciled	9	Nine current general/oncology programs; current official inline protocol descriptions and recent primary evidence match.
38	fully_reconciled	1	OncoFAP-MMAE phase I/II watchlist; no defined standard-treatment backbone/owner therapeutic benefit, remains non-matchable.
39	unreachable	?	RVC master shell/Web 403. Official fallback actual timeout was followed by automatic review rejection for prohibited retry; no additional transport or authorization bypass.
40	fully_reconciled	1	CHOP probiotic supportive study; not a new anticancer protocol. Prior pain-study disappearance is not closure evidence.
41	partial	4	OSA, PetCure closed, MCT Imprimed hold, feline lymphoma diagnostic program. Published OSA multicenter primary details remain incomplete.
42	fully_reconciled	0	Official page explicitly has no active enrolling studies.
43	partial	1	Neobladder protocol is dated 2018; no sufficient current enrollment/owner access confirmation.
44	partial	4	Four immunotherapy program identities including Atherton research; cohort access and whole current rosters incompletely published.
45	fully_reconciled	1	Two-vaccine OSA trial before amputation, current institution and protocol consistent.
46	fully_reconciled	1	Same two-vaccine OSA protocol; shared current evidence explicitly reused, no second trial record.
47	partial	1	Personalized mRNA MCT expression of interest lacks final approved patient cohort/site/owner access terms.
48	partial	?	PetTrials master is JS shell; permitted Web yields no full current search results; not verified zero.
49	partial	2	Exercise observational example and MCT drug example; latter lacks confirmed current enrollment details.
50	partial	1	Auranofin guide is historical 2013; no current official entry/cohort confirmation.
51	partial	1	Hemangiosarcoma autovaccine alongside standard doxorubicin confirmed; vaccine free but standard care owner-paid. Complete participating-center roster not published.
52	unreachable	?	BVSC Foundation master unreadable by permitted shell/Web methods; no source roster established.
53	partial	?	Science Week/news material and member repository do not publish owner-access trial roster. No login attempted.
54	partial	9	Nine research identities: current gold/SCC carboplatin/EGFR plus past/upcoming work. EGFR entire twelve-site list matched; complete current owner access for other program cohorts not published.
55	fully_reconciled	3	Current sponsor press pages: feline and canine Paccal recruitment completed; Cantrixil preclinical. Already non-matchable; no newly inferred closure.
56	fully_reconciled	1	HS CAR-T early safety/dose research; owner-benefit rule keeps watchlist non-matchable.
57	partial	8	Eight research cohorts; EGFR twelve-location/nine-active roster reconciled, other cohort access/location terms incompletely published.
58	partial	3	TCE active, Paccal feline and dog historical/closed. Same 534230 registry identifies WSU duplicate; WSU participation not currently reconfirmed.
59	unreachable	?	WSU master/fallback unavailable; current TCE primary shell timeout and Web 403. No repeat after 403, no closure inferred.
60	partial	2	Hayburn feline small-cell GI lymphoma radiation plus direct GI-lab MCT study. MCT placebo/acid-suppressant cytotoxic research includes standard resection and $1,000 surgical credit; treatment benefit retained.
61	partial	3	Three oncology drug programs (MCT, OSA, oral SCC) without complete public protocol identities/nationwide roster.
62	partial	1	mRNA investigator-initiated program claims nine cities/twelve hospitals but does not publish all hospital identities.
63	fully_reconciled	1	ReachGlio SNG-RTNF plus temozolomide current protocol, existing canonical match.
64	unreachable	?	NCI official master returns 403. Search snippets do not establish current whole COTC roster; no repeat after block.
65	fully_reconciled	6	Six current inline Japanese protocol descriptions read; historical bladder recruitment end/paid access preserved distinctly.
66	partial	1	September 30 PD-1 signal and three hospital names; primary lacks final current cohort eligibility/owner access details.
67	partial	5	CD20, blood research, PD-1, unnamed virus and unnamed drug programs; blank protocol sections prevent full clinical qualification.
68	fully_reconciled	2	Organoid research and IDO1 program; same-day Tokyo primary reused with explicit provenance.
69	partial	5	Dog anti-PD1 umbrella, cat PD1, CD20 lymphoma, HIFU title and supplementary PetVoice program; full subgroup/site terms not published. 2025 feline subsidy date is not today enrollment evidence.
70	partial	?	VetTrials directory shell lacks readable current program roster; Web alternatives insufficient.
71	fully_reconciled	3	PET/RNA and two radiation-related diagnostic/staging protocols; individual primaries show diagnostic focus, not anticancer treatment trial access.
72	fully_reconciled	0	Official trial page explicitly says no current enrolling studies.
73	unreachable	?	JVCOG professional attestation yes/no gate; no credentials or false professional affirmation used. Accessible leaf insufficient.
74	partial	3	NDV melanoma, GM-CSF preclinical and feline lymphoma research descriptions lack confirmed current owner entry.
75	partial	2	Personalized canine treatment 2021–2027 and BCNU brain project ended March 2026; whole current owner cohort access undefined.
76	fully_reconciled	2	Stale Paccal owner recruitment pages contradicted by current sponsor completed-recruitment announcements; both already hidden, no new closure.
77	partial	?	Estima generic clinical-research description publishes no enumerable current trials.
78	partial	1	CD200AR-L OSA alongside standard amputation; current program confirmed but full managed site roster not public.
79	partial	3	Colorectal observational study, legacy TG6002 and CARBOPOP ended 2022. Current TG6002 patient access not sufficiently published.
80	partial	1	Biocera/Oniris historical multicenter bone-cement work; current full participating enrollment roster not confirmed.
81	partial	1	Perseus T-cell infusion program and old trial-discovery material; new public searches performed, originating protocol/status/costs needed. Secondary discovery alone cannot activate treatment.
82	partial	4	Four pipeline/research identities including cat melanoma; no sufficiently defined current owner-access cohorts.
83	partial	1	Elenagen historical pilot without current patient enrollment/location confirmation.
84	partial	?	Cancer Vet generic trial service has no named enumerable current oncology protocols.
85	partial	?	Thirty-three resources are directory links, not thirty-three current trials; no protocol roster published.
86	partial	1	Feline OSCC Lewritin plus radiation current institution primary agrees with canonical.
87	fully_reconciled	1	Dog melanoma pulmonary metastasis anti-PDL1 current Japanese institutional protocol agrees.
88	partial	3	BTX001 TCC, HSA/doxorubicin and OSA pipeline programs lack final current owner cohorts.
89	fully_reconciled	1	Seoul radiotherapy enrollment ended December 13, 2024; already non-matchable.
90	fully_reconciled	1	ACI oral melanoma enrollment explicitly closed; already non-matchable.
91	fully_reconciled	1	Cornell COOL trametinib oral SCC is existing same protocol, not a second trial.
92	fully_reconciled	1	UF Boxer glioma autogenic vaccine current recruitment, existing canonical match.
93	partial	1	Sponsor open three sites vs two current university on-hold statuses; conflict retained, no fabricated uniformly active roster.
94	unreachable	?	Oklahoma current routes 404/403; no primary roster obtained or absence-based closure.
95	fully_reconciled	4	Four current VSSO research entries; classifications reconciled, no new eligible treatment intervention.
96	unreachable	?	Veterinary Oncology Services master unavailable via shell and Web; transient server failure recorded without endless retries.
97	fully_reconciled	3	Three Bologna oncology entries explicitly CONCLUSO; already non-matchable.
98	partial	?	Mars oncology master JS; official BluePearl fallback prohibited by review and actual shared 403 attempt documented. HIFU lymphoma 140763 primary/managed locations read: Dallas only, five study-covered doxorubicin doses, existing canonical match.
99	fully_reconciled	0	ValiRx Animal Health current pipeline/news describes development, no patient-recruiting treatment trial published.
100	partial	4	Four institutional oncology programs including GCN2, cardiac surgery, FLIM and nanobody; current intake details vary/incomplete. Only study drug funding cannot become free care.
101	partial	4	Four Japanese research programs; cat proteasome B-cell and canine mutation-positive lung records already added yesterday. Magnetic/IL12 owner-benefit/cohort terms unresolved.
102	partial	2	Palladia side effects and nerve-block titles; publisher copied nerve-block body into Palladia page, protocol-specific evidence unavailable rather than silently guessed.
103	partial	8	Eight DVG study PDF entries; old individual routes and current provider/cohort statuses not all available.
104	unreachable	?	Edinburgh official current study master unavailable through permitted shell/Web; no inferred zero.
105	partial	4	AKS701d/197d/427c/619c pipeline. Newly indexed article is dated October 29, 2025, not new today; first-animal safety alone remains watchlist.
106	fully_reconciled	4	Current hospital trial index: Volition feline diagnostic, IDEXX samples, SOLID relapse and PUSH Akron. Direct local PUSH listing confirms phase-specific funding; sponsor omission recorded, whole sponsor list reconciled separately.
107	fully_reconciled	2	Entire two-protocol master and both individual sponsor primaries read. ECIP-OSA-01 explicitly CLOSED; ECI plus chemotherapy distinct/unfunded and requires enrollment before amputation. Individual primary overrides stale master open label.
